file,rows,cols,base_cols_count,timestamp_cols_count,null_cells,duplicate_rows,metrics_count,min_value,max_value,min_timestamp,max_timestamp,parse_timestamp_nulls,parse_value_nulls
AVAILABILITY-data (1).csv,1,367,4,363,2,0,1,18647.0,39771.0,2026-02-01 06:59:40,2026-02-01 08:00:00,0,0
AVAILABILITY-data (10).csv,1,367,4,363,2,0,1,4965871.0,5275443.0,2026-02-01 15:59:40,2026-02-01 17:00:00,0,0
AVAILABILITY-data (100).csv,1,367,4,363,2,0,1,1769140.0,2767407.0,2026-02-06 09:59:40,2026-02-06 11:00:00,0,0
AVAILABILITY-data (11).csv,1,367,4,363,2,0,1,4812101.0,5280107.0,2026-02-01 16:59:40,2026-02-01 18:00:00,0,0
AVAILABILITY-data (12).csv,1,367,4,363,2,0,1,4601422.0,4863737.0,2026-02-01 17:59:40,2026-02-01 19:00:00,0,0
AVAILABILITY-data (13).csv,1,367,4,363,2,0,1,4303482.0,4617987.0,2026-02-01 18:59:40,2026-02-01 20:00:00,0,0
AVAILABILITY-data (14).csv,1,367,4,363,2,0,1,3861386.0,4430975.0,2026-02-01 19:59:40,2026-02-01 21:00:00,0,0
AVAILABILITY-data (15).csv,1,367,4,363,2,0,1,3161669.0,3892304.0,2026-02-01 20:59:40,2026-02-01 22:00:00,0,0
AVAILABILITY-data (16).csv,1,367,4,363,2,0,1,2046491.0,3173541.0,2026-02-01 21:59:40,2026-02-01 23:00:00,0,0
AVAILABILITY-data (17).csv,1,367,4,363,2,0,1,977255.0,2051211.0,2026-02-01 22:59:40,2026-02-02 00:00:00,0,0
AVAILABILITY-data (18).csv,1,45,4,41,2,0,1,1382.0,980304.0,2026-02-01 23:59:40,2026-02-02 00:06:20,0,0
AVAILABILITY-data (19).csv,1,297,4,293,2,0,1,28.0,19111.0,2026-02-02 06:11:20,2026-02-02 07:00:00,0,0
AVAILABILITY-data (2).csv,1,367,4,363,2,0,1,39745.0,425546.0,2026-02-01 07:59:40,2026-02-01 09:00:00,0,0
AVAILABILITY-data (20).csv,1,367,4,363,2,0,1,16447.0,42640.0,2026-02-02 06:59:40,2026-02-02 08:00:00,0,0
AVAILABILITY-data (21).csv,1,367,4,363,2,0,1,42522.0,431222.0,2026-02-02 07:59:40,2026-02-02 09:00:00,0,0
AVAILABILITY-data (22).csv,1,367,4,363,2,0,1,430126.0,1289239.0,2026-02-02 08:59:40,2026-02-02 10:00:00,0,0
AVAILABILITY-data (23).csv,1,367,4,363,2,0,1,1282263.0,1941205.0,2026-02-02 09:59:40,2026-02-02 11:00:00,0,0
AVAILABILITY-data (24).csv,1,367,4,363,2,0,1,1940414.0,2472258.0,2026-02-02 10:59:40,2026-02-02 12:00:00,0,0
AVAILABILITY-data (25).csv,1,367,4,363,2,0,1,2470694.0,3191782.0,2026-02-02 11:59:40,2026-02-02 13:00:00,0,0
AVAILABILITY-data (26).csv,1,367,4,363,2,0,1,3168410.0,3843871.0,2026-02-02 12:59:40,2026-02-02 14:00:00,0,0
AVAILABILITY-data (27).csv,1,367,4,363,2,0,1,3816338.0,4409752.0,2026-02-02 13:59:40,2026-02-02 15:00:00,0,0
AVAILABILITY-data (28).csv,1,367,4,363,2,0,1,4151895.0,4554582.0,2026-02-02 14:59:40,2026-02-02 16:00:00,0,0
AVAILABILITY-data (29).csv,1,367,4,363,2,0,1,4006989.0,4337441.0,2026-02-02 15:59:40,2026-02-02 17:00:00,0,0
AVAILABILITY-data (3).csv,1,367,4,363,2,0,1,424265.0,1282681.0,2026-02-01 08:59:40,2026-02-01 10:00:00,0,0
AVAILABILITY-data (30).csv,1,367,4,363,2,0,1,3955820.0,4114478.0,2026-02-02 16:59:40,2026-02-02 18:00:00,0,0
AVAILABILITY-data (31).csv,1,367,4,363,2,0,1,3723735.0,3970382.0,2026-02-02 17:59:40,2026-02-02 19:00:00,0,0
AVAILABILITY-data (32).csv,1,365,4,361,2,0,1,3610433.0,3863625.0,2026-02-02 19:00:00,2026-02-02 20:00:00,0,0
AVAILABILITY-data (33).csv,1,367,4,363,2,0,1,3299959.0,3812677.0,2026-02-02 19:59:40,2026-02-02 21:00:00,0,0
AVAILABILITY-data (34).csv,1,367,4,363,2,0,1,2729131.0,3332224.0,2026-02-02 20:59:40,2026-02-02 22:00:00,0,0
AVAILABILITY-data (35).csv,1,367,4,363,2,0,1,1878499.0,2738245.0,2026-02-02 21:59:40,2026-02-02 23:00:00,0,0
AVAILABILITY-data (36).csv,1,312,4,308,2,0,1,842111.0,1504629.0,2026-02-02 23:08:50,2026-02-03 00:00:00,0,0
AVAILABILITY-data (37).csv,1,46,4,42,2,0,1,361.0,845210.0,2026-02-02 23:59:40,2026-02-03 00:06:30,0,0
AVAILABILITY-data (38).csv,1,297,4,293,2,0,1,0.0,20193.0,2026-02-03 06:11:20,2026-02-03 07:00:00,0,0
AVAILABILITY-data (39).csv,1,325,4,321,2,0,1,30730.0,49006.0,2026-02-03 07:06:40,2026-02-03 08:00:00,0,0
AVAILABILITY-data (4).csv,1,367,4,363,2,0,1,1228440.0,2056874.0,2026-02-01 09:59:40,2026-02-01 11:00:00,0,0
AVAILABILITY-data (40).csv,1,367,4,363,2,0,1,48943.0,509786.0,2026-02-03 07:59:40,2026-02-03 09:00:00,0,0
AVAILABILITY-data (41).csv,1,367,4,363,2,0,1,48943.0,509786.0,2026-02-03 07:59:40,2026-02-03 09:00:00,0,0
AVAILABILITY-data (42).csv,1,367,4,363,2,0,1,508500.0,1556262.0,2026-02-03 08:59:40,2026-02-03 10:00:00,0,0
AVAILABILITY-data (43).csv,1,367,4,363,2,0,1,1555217.0,2401586.0,2026-02-03 09:59:40,2026-02-03 11:00:00,0,0
AVAILABILITY-data (44).csv,1,367,4,363,2,0,1,2400206.0,3045033.0,2026-02-03 10:59:40,2026-02-03 12:00:00,0,0
AVAILABILITY-data (45).csv,1,367,4,363,2,0,1,3042471.0,4035183.0,2026-02-03 11:59:40,2026-02-03 13:00:00,0,0
AVAILABILITY-data (46).csv,1,367,4,363,2,0,1,4002625.0,4802827.0,2026-02-03 12:59:40,2026-02-03 14:00:00,0,0
AVAILABILITY-data (47).csv,1,367,4,363,2,0,1,4742864.0,5414159.0,2026-02-03 13:59:40,2026-02-03 15:00:00,0,0
AVAILABILITY-data (48).csv,1,367,4,363,2,0,1,5412957.0,5708166.0,2026-02-03 14:59:40,2026-02-03 16:00:00,0,0
AVAILABILITY-data (49).csv,1,367,4,363,2,0,1,5604743.0,5672150.0,2026-02-03 15:59:40,2026-02-03 17:00:00,0,0
AVAILABILITY-data (5).csv,1,367,4,363,2,0,1,2038633.0,2731352.0,2026-02-01 10:59:40,2026-02-01 12:00:00,0,0
AVAILABILITY-data (50).csv,1,367,4,363,2,0,1,5342944.0,5648394.0,2026-02-03 16:59:40,2026-02-03 18:00:00,0,0
AVAILABILITY-data (51).csv,1,367,4,363,2,0,1,5027540.0,5387285.0,2026-02-03 17:59:40,2026-02-03 19:00:00,0,0
AVAILABILITY-data (52).csv,1,367,4,363,2,0,1,4844921.0,5059470.0,2026-02-03 18:59:40,2026-02-03 20:00:00,0,0
AVAILABILITY-data (53).csv,1,367,4,363,2,0,1,4376619.0,4951683.0,2026-02-03 19:59:40,2026-02-03 21:00:00,0,0
AVAILABILITY-data (54).csv,1,367,4,363,2,0,1,3614854.0,4420859.0,2026-02-03 20:59:40,2026-02-03 22:00:00,0,0
AVAILABILITY-data (55).csv,1,367,4,363,2,0,1,2404878.0,3617085.0,2026-02-03 21:59:40,2026-02-03 23:00:00,0,0
AVAILABILITY-data (56).csv,1,367,4,363,2,0,1,1030636.0,2410227.0,2026-02-03 22:59:40,2026-02-04 00:00:00,0,0
AVAILABILITY-data (57).csv,1,45,4,41,2,0,1,5186.0,1032816.0,2026-02-03 23:59:40,2026-02-04 00:06:20,0,0
AVAILABILITY-data (58).csv,1,297,4,293,2,0,1,0.0,19010.0,2026-02-04 06:11:20,2026-02-04 07:00:00,0,0
AVAILABILITY-data (59).csv,1,367,4,363,2,0,1,17895.0,49517.0,2026-02-04 06:59:40,2026-02-04 08:00:00,0,0
AVAILABILITY-data (6).csv,1,367,4,363,2,0,1,2725656.0,3488777.0,2026-02-01 11:59:40,2026-02-01 13:00:00,0,0
AVAILABILITY-data (60).csv,1,367,4,363,2,0,1,49386.0,529139.0,2026-02-04 07:59:40,2026-02-04 09:00:00,0,0
AVAILABILITY-data (61).csv,1,367,4,363,2,0,1,528966.0,1680003.0,2026-02-04 08:59:40,2026-02-04 10:00:00,0,0
AVAILABILITY-data (62).csv,1,367,4,363,2,0,1,1678421.0,2593523.0,2026-02-04 09:59:40,2026-02-04 11:00:00,0,0
AVAILABILITY-data (63).csv,1,367,4,363,2,0,1,2592678.0,3346679.0,2026-02-04 10:59:40,2026-02-04 12:00:00,0,0
AVAILABILITY-data (64).csv,1,367,4,363,2,0,1,3345695.0,4165384.0,2026-02-04 11:59:40,2026-02-04 13:00:00,0,0
AVAILABILITY-data (65).csv,1,367,4,363,2,0,1,4159992.0,4957453.0,2026-02-04 12:59:40,2026-02-04 14:00:00,0,0
AVAILABILITY-data (66).csv,1,367,4,363,2,0,1,4874487.0,5645867.0,2026-02-04 13:59:40,2026-02-04 15:00:00,0,0
AVAILABILITY-data (67).csv,1,367,4,363,2,0,1,5463614.0,5917626.0,2026-02-04 14:59:40,2026-02-04 16:00:00,0,0
AVAILABILITY-data (68).csv,1,367,4,363,2,0,1,5760867.0,5901610.0,2026-02-04 15:59:40,2026-02-04 17:00:00,0,0
AVAILABILITY-data (69).csv,1,367,4,363,2,0,1,5608019.0,5890138.0,2026-02-04 16:59:40,2026-02-04 18:00:00,0,0
AVAILABILITY-data (7).csv,1,367,4,363,2,0,1,3466178.0,4386731.0,2026-02-01 12:59:40,2026-02-01 14:00:00,0,0
AVAILABILITY-data (70).csv,1,367,4,363,2,0,1,5393105.0,5614565.0,2026-02-04 17:59:40,2026-02-04 19:00:00,0,0
AVAILABILITY-data (71).csv,1,367,4,363,2,0,1,4924786.0,5428814.0,2026-02-04 18:59:40,2026-02-04 20:00:00,0,0
AVAILABILITY-data (72).csv,1,367,4,363,2,0,1,4586647.0,4958987.0,2026-02-04 19:59:40,2026-02-04 21:00:00,0,0
AVAILABILITY-data (73).csv,1,367,4,363,2,0,1,3652955.0,4590817.0,2026-02-04 20:59:40,2026-02-04 22:00:00,0,0
AVAILABILITY-data (74).csv,1,367,4,363,2,0,1,2583293.0,3655487.0,2026-02-04 21:59:40,2026-02-04 23:00:00,0,0
AVAILABILITY-data (75).csv,1,367,4,363,2,0,1,1134935.0,2586932.0,2026-02-04 22:59:40,2026-02-05 00:00:00,0,0
AVAILABILITY-data (76).csv,1,297,4,293,2,0,1,0.0,16801.0,2026-02-05 06:11:20,2026-02-05 07:00:00,0,0
AVAILABILITY-data (77).csv,1,367,4,363,2,0,1,15357.0,50359.0,2026-02-05 06:59:40,2026-02-05 08:00:00,0,0
AVAILABILITY-data (78).csv,1,367,4,363,2,0,1,50353.0,539494.0,2026-02-05 07:59:40,2026-02-05 09:00:00,0,0
AVAILABILITY-data (79).csv,1,367,4,363,2,0,1,537749.0,1728353.0,2026-02-05 08:59:40,2026-02-05 10:00:00,0,0
AVAILABILITY-data (8).csv,1,367,4,363,2,0,1,4340908.0,5059827.0,2026-02-01 13:59:40,2026-02-01 15:00:00,0,0
AVAILABILITY-data (80).csv,1,367,4,363,2,0,1,537749.0,1728353.0,2026-02-05 08:59:40,2026-02-05 10:00:00,0,0
AVAILABILITY-data (81).csv,1,367,4,363,2,0,1,1433779.0,2674483.0,2026-02-05 09:59:40,2026-02-05 11:00:00,0,0
AVAILABILITY-data (82).csv,1,367,4,363,2,0,1,2636245.0,3447982.0,2026-02-05 10:59:40,2026-02-05 12:00:00,0,0
AVAILABILITY-data (83).csv,1,367,4,363,2,0,1,3447672.0,4315005.0,2026-02-05 11:59:40,2026-02-05 13:00:00,0,0
AVAILABILITY-data (84).csv,1,367,4,363,2,0,1,4297744.0,5036615.0,2026-02-05 12:59:40,2026-02-05 14:00:00,0,0
AVAILABILITY-data (85).csv,1,367,4,363,2,0,1,5030900.0,5651053.0,2026-02-05 13:59:40,2026-02-05 15:00:00,0,0
AVAILABILITY-data (86).csv,1,367,4,363,2,0,1,5493171.0,6094399.0,2026-02-05 14:59:40,2026-02-05 16:00:00,0,0
AVAILABILITY-data (87).csv,1,367,4,363,2,0,1,6003566.0,6107574.0,2026-02-05 15:59:40,2026-02-05 17:00:00,0,0
AVAILABILITY-data (88).csv,1,367,4,363,2,0,1,5798024.0,6059151.0,2026-02-05 16:59:40,2026-02-05 18:00:00,0,0
AVAILABILITY-data (89).csv,1,367,4,363,2,0,1,5599859.0,5813477.0,2026-02-05 17:59:40,2026-02-05 19:00:00,0,0
AVAILABILITY-data (9).csv,1,367,4,363,2,0,1,5026136.0,5224516.0,2026-02-01 14:59:40,2026-02-01 16:00:00,0,0
AVAILABILITY-data (90).csv,1,367,4,363,2,0,1,5438816.0,5625773.0,2026-02-05 18:59:40,2026-02-05 20:00:00,0,0
AVAILABILITY-data (91).csv,1,367,4,363,2,0,1,4861086.0,5476694.0,2026-02-05 19:59:40,2026-02-05 21:00:00,0,0
AVAILABILITY-data (92).csv,1,367,4,363,2,0,1,2980349.0,4864163.0,2026-02-05 20:59:40,2026-02-05 22:00:00,0,0
AVAILABILITY-data (93).csv,1,367,4,363,2,0,1,2844215.0,3933108.0,2026-02-05 21:59:40,2026-02-05 23:00:00,0,0
AVAILABILITY-data (94).csv,1,367,4,363,2,0,1,1396354.0,2849246.0,2026-02-05 22:59:40,2026-02-06 00:00:00,0,0
AVAILABILITY-data (95).csv,1,46,4,42,2,0,1,0.0,1399184.0,2026-02-05 23:59:40,2026-02-06 00:06:30,0,0
AVAILABILITY-data (96).csv,1,297,4,293,2,0,1,0.0,19082.0,2026-02-06 06:11:20,2026-02-06 07:00:00,0,0
AVAILABILITY-data (97).csv,1,367,4,363,2,0,1,17248.0,49732.0,2026-02-06 06:59:40,2026-02-06 08:00:00,0,0
AVAILABILITY-data (98).csv,1,341,4,337,2,0,1,237035.0,554830.0,2026-02-06 08:04:00,2026-02-06 09:00:00,0,0
AVAILABILITY-data (99).csv,1,367,4,363,2,0,1,554519.0,1769601.0,2026-02-06 08:59:40,2026-02-06 10:00:00,0,0
AVAILABILITY-data - 2026-02-11T155953.683.csv,1,367,4,363,2,0,1,2749152.0,3496699.0,2026-02-06 10:59:40,2026-02-06 12:00:00,0,0
AVAILABILITY-data - 2026-02-11T155958.052.csv,1,367,4,363,2,0,1,3484859.0,4382917.0,2026-02-06 11:59:40,2026-02-06 13:00:00,0,0
AVAILABILITY-data - 2026-02-11T160002.161.csv,1,367,4,363,2,0,1,4372455.0,5100639.0,2026-02-06 12:59:40,2026-02-06 14:00:00,0,0
AVAILABILITY-data - 2026-02-11T160006.379.csv,1,367,4,363,2,0,1,5090108.0,5899714.0,2026-02-06 13:59:40,2026-02-06 15:00:00,0,0
AVAILABILITY-data - 2026-02-11T160010.761.csv,1,367,4,363,2,0,1,5892778.0,6192228.0,2026-02-06 14:59:40,2026-02-06 16:00:00,0,0
AVAILABILITY-data - 2026-02-11T160224.727.csv,1,367,4,363,2,0,1,5892778.0,6192228.0,2026-02-06 14:59:40,2026-02-06 16:00:00,0,0
AVAILABILITY-data - 2026-02-11T160230.006.csv,1,367,4,363,2,0,1,6047861.0,6198472.0,2026-02-06 15:59:40,2026-02-06 17:00:00,0,0
AVAILABILITY-data - 2026-02-11T160237.917.csv,1,367,4,363,2,0,1,5851278.0,6124001.0,2026-02-06 16:59:40,2026-02-06 18:00:00,0,0
AVAILABILITY-data - 2026-02-11T160244.116.csv,1,367,4,363,2,0,1,5601701.0,5866732.0,2026-02-06 17:59:40,2026-02-06 19:00:00,0,0
AVAILABILITY-data - 2026-02-11T160249.368.csv,1,367,4,363,2,0,1,5430438.0,5685503.0,2026-02-06 18:59:40,2026-02-06 20:00:00,0,0
AVAILABILITY-data - 2026-02-11T160254.541.csv,1,367,4,363,2,0,1,4802937.0,5540833.0,2026-02-06 19:59:40,2026-02-06 21:00:00,0,0
AVAILABILITY-data - 2026-02-11T160300.614.csv,1,367,4,363,2,0,1,3812369.0,4823025.0,2026-02-06 20:59:40,2026-02-06 22:00:00,0,0
AVAILABILITY-data - 2026-02-11T160305.443.csv,1,367,4,363,2,0,1,2757558.0,3828279.0,2026-02-06 21:59:40,2026-02-06 23:00:00,0,0
AVAILABILITY-data - 2026-02-11T160311.568.csv,1,367,4,363,2,0,1,1504845.0,2759481.0,2026-02-06 22:59:40,2026-02-07 00:00:00,0,0
AVAILABILITY-data - 2026-02-11T160316.643.csv,1,45,4,41,2,0,1,29616.0,1506425.0,2026-02-06 23:59:40,2026-02-07 00:06:20,0,0
AVAILABILITY-data - 2026-02-11T160356.526.csv,1,296,4,292,2,0,1,155.0,19302.0,2026-02-07 06:11:30,2026-02-07 07:00:00,0,0
AVAILABILITY-data - 2026-02-11T160404.565.csv,1,367,4,363,2,0,1,18261.0,40542.0,2026-02-07 06:59:40,2026-02-07 08:00:00,0,0
AVAILABILITY-data - 2026-02-11T160410.510.csv,1,367,4,363,2,0,1,40139.0,491257.0,2026-02-07 07:59:40,2026-02-07 09:00:00,0,0
AVAILABILITY-data - 2026-02-11T160414.589.csv,1,367,4,363,2,0,1,491187.0,1596438.0,2026-02-07 08:59:40,2026-02-07 10:00:00,0,0
AVAILABILITY-data - 2026-02-11T160419.720.csv,1,367,4,363,2,0,1,1595653.0,2571654.0,2026-02-07 09:59:40,2026-02-07 11:00:00,0,0
AVAILABILITY-data - 2026-02-11T160425.291.csv,1,367,4,363,2,0,1,2570513.0,3290131.0,2026-02-07 10:59:40,2026-02-07 12:00:00,0,0
AVAILABILITY-data - 2026-02-11T160429.189.csv,1,367,4,363,2,0,1,3282257.0,4206976.0,2026-02-07 11:59:40,2026-02-07 13:00:00,0,0
AVAILABILITY-data - 2026-02-11T160434.574.csv,1,367,4,363,2,0,1,4205918.0,5063230.0,2026-02-07 12:59:40,2026-02-07 14:00:00,0,0
AVAILABILITY-data - 2026-02-11T160439.035.csv,1,367,4,363,2,0,1,5047077.0,5614753.0,2026-02-07 13:59:40,2026-02-07 15:00:00,0,0
AVAILABILITY-data - 2026-02-11T160443.729.csv,1,367,4,363,2,0,1,5438395.0,5738300.0,2026-02-07 14:59:40,2026-02-07 16:00:00,0,0
AVAILABILITY-data - 2026-02-11T160447.539.csv,1,367,4,363,2,0,1,5537579.0,5691115.0,2026-02-07 15:59:40,2026-02-07 17:00:00,0,0
AVAILABILITY-data - 2026-02-11T160451.387.csv,1,367,4,363,2,0,1,5314593.0,5596754.0,2026-02-07 16:59:40,2026-02-07 18:00:00,0,0
AVAILABILITY-data - 2026-02-11T160454.360.csv,1,367,4,363,2,0,1,5044375.0,5378848.0,2026-02-07 17:59:40,2026-02-07 19:00:00,0,0
AVAILABILITY-data - 2026-02-11T160458.126.csv,1,367,4,363,2,0,1,4872907.0,5254339.0,2026-02-07 18:59:40,2026-02-07 20:00:00,0,0
AVAILABILITY-data - 2026-02-11T160501.676.csv,1,367,4,363,2,0,1,4536982.0,5103045.0,2026-02-07 19:59:40,2026-02-07 21:00:00,0,0
AVAILABILITY-data - 2026-02-11T160504.710.csv,1,367,4,363,2,0,1,3723700.0,4542395.0,2026-02-07 20:59:40,2026-02-07 22:00:00,0,0
AVAILABILITY-data - 2026-02-11T160844.912.csv,1,367,4,363,2,0,1,2632283.0,3744595.0,2026-02-07 21:59:40,2026-02-07 23:00:00,0,0
AVAILABILITY-data - 2026-02-11T160904.870.csv,1,367,4,363,2,0,1,1501845.0,2634488.0,2026-02-07 22:59:40,2026-02-08 00:00:00,0,0
AVAILABILITY-data - 2026-02-11T160918.870.csv,1,45,4,41,2,0,1,5966.0,1506093.0,2026-02-07 23:59:40,2026-02-08 00:06:20,0,0
AVAILABILITY-data - 2026-02-11T161016.059.csv,1,296,4,292,2,0,1,101.0,23971.0,2026-02-08 06:11:30,2026-02-08 07:00:00,0,0
AVAILABILITY-data - 2026-02-11T161028.766.csv,1,367,4,363,2,0,1,21786.0,43136.0,2026-02-08 06:59:40,2026-02-08 08:00:00,0,0
AVAILABILITY-data - 2026-02-11T161033.869.csv,1,367,4,363,2,0,1,42510.0,396432.0,2026-02-08 07:59:40,2026-02-08 09:00:00,0,0
AVAILABILITY-data - 2026-02-11T161038.880.csv,1,367,4,363,2,0,1,396230.0,1229277.0,2026-02-08 08:59:40,2026-02-08 10:00:00,0,0
AVAILABILITY-data - 2026-02-11T161043.388.csv,1,367,4,363,2,0,1,1228506.0,1962431.0,2026-02-08 09:59:40,2026-02-08 11:00:00,0,0
AVAILABILITY-data - 2026-02-11T161050.563.csv,1,367,4,363,2,0,1,1961609.0,2576428.0,2026-02-08 10:59:40,2026-02-08 12:00:00,0,0
AVAILABILITY-data - 2026-02-11T161055.583.csv,1,367,4,363,2,0,1,2576197.0,3354841.0,2026-02-08 11:59:40,2026-02-08 13:00:00,0,0
AVAILABILITY-data - 2026-02-11T161101.927.csv,1,367,4,363,2,0,1,3354219.0,4184409.0,2026-02-08 12:59:40,2026-02-08 14:00:00,0,0
AVAILABILITY-data - 2026-02-11T161107.120.csv,1,367,4,363,2,0,1,4180917.0,4840555.0,2026-02-08 13:59:40,2026-02-08 15:00:00,0,0
AVAILABILITY-data - 2026-02-11T161111.770.csv,1,367,4,363,2,0,1,4597157.0,4969210.0,2026-02-08 14:59:40,2026-02-08 16:00:00,0,0
AVAILABILITY-data - 2026-02-11T161116.350.csv,1,367,4,363,2,0,1,4298940.0,4660228.0,2026-02-08 15:59:40,2026-02-08 17:00:00,0,0
AVAILABILITY-data - 2026-02-11T161122.514.csv,1,367,4,363,2,0,1,4049125.0,4477354.0,2026-02-08 16:59:40,2026-02-08 18:00:00,0,0
AVAILABILITY-data - 2026-02-11T161135.095.csv,1,367,4,363,2,0,1,2277694.0,4271296.0,2026-02-08 17:59:40,2026-02-08 19:00:00,0,0
AVAILABILITY-data - 2026-02-11T161146.101.csv,1,367,4,363,2,0,1,3699348.0,4020690.0,2026-02-08 19:59:40,2026-02-08 21:00:00,0,0
AVAILABILITY-data - 2026-02-11T161151.133.csv,1,367,4,363,2,0,1,3164539.0,3825157.0,2026-02-08 20:59:40,2026-02-08 22:00:00,0,0
AVAILABILITY-data - 2026-02-11T161156.743.csv,1,367,4,363,2,0,1,2228880.0,3173858.0,2026-02-08 21:59:40,2026-02-08 23:00:00,0,0
AVAILABILITY-data - 2026-02-11T161201.279.csv,1,367,4,363,2,0,1,1016005.0,2234089.0,2026-02-08 22:59:40,2026-02-09 00:00:00,0,0
AVAILABILITY-data - 2026-02-11T161208.642.csv,1,46,4,42,2,0,1,6974.0,1017493.0,2026-02-08 23:59:40,2026-02-09 00:06:30,0,0
AVAILABILITY-data - 2026-02-11T162459.320.csv,1,297,4,293,2,0,1,22.0,18180.0,2026-02-09 06:11:20,2026-02-09 07:00:00,0,0
AVAILABILITY-data - 2026-02-11T162503.731.csv,1,367,4,363,2,0,1,17082.0,51736.0,2026-02-09 06:59:40,2026-02-09 08:00:00,0,0
AVAILABILITY-data - 2026-02-11T162508.560.csv,1,351,4,347,2,0,1,145092.0,497985.0,2026-02-09 08:02:20,2026-02-09 09:00:00,0,0
AVAILABILITY-data - 2026-02-11T162512.685.csv,1,367,4,363,2,0,1,491463.0,1533430.0,2026-02-09 08:59:40,2026-02-09 10:00:00,0,0
AVAILABILITY-data - 2026-02-11T162516.046.csv,1,367,4,363,2,0,1,1517274.0,2308742.0,2026-02-09 09:59:40,2026-02-09 11:00:00,0,0
AVAILABILITY-data - 2026-02-11T162519.870.csv,1,367,4,363,2,0,1,2235537.0,2959242.0,2026-02-09 10:59:40,2026-02-09 12:00:00,0,0
AVAILABILITY-data - 2026-02-11T162524.898.csv,1,367,4,363,2,0,1,2951215.0,3731019.0,2026-02-09 11:59:40,2026-02-09 13:00:00,0,0
AVAILABILITY-data - 2026-02-11T162528.931.csv,1,367,4,363,2,0,1,3717357.0,4409298.0,2026-02-09 12:59:40,2026-02-09 14:00:00,0,0
AVAILABILITY-data - 2026-02-11T162838.106.csv,1,367,4,363,2,0,1,3717357.0,4409298.0,2026-02-09 12:59:40,2026-02-09 14:00:00,0,0
AVAILABILITY-data - 2026-02-11T162849.252.csv,1,367,4,363,2,0,1,4338322.0,4821904.0,2026-02-09 13:59:40,2026-02-09 15:00:00,0,0
AVAILABILITY-data - 2026-02-11T162854.690.csv,1,367,4,363,2,0,1,4657231.0,5102690.0,2026-02-09 14:59:40,2026-02-09 16:00:00,0,0
AVAILABILITY-data - 2026-02-11T162859.700.csv,1,367,4,363,2,0,1,4962721.0,5122526.0,2026-02-09 15:59:40,2026-02-09 17:00:00,0,0
AVAILABILITY-data - 2026-02-11T162905.462.csv,1,367,4,363,2,0,1,4806280.0,5071340.0,2026-02-09 16:59:40,2026-02-09 18:00:00,0,0
AVAILABILITY-data - 2026-02-11T162909.631.csv,1,367,4,363,2,0,1,4605807.0,4833650.0,2026-02-09 17:59:40,2026-02-09 19:00:00,0,0
AVAILABILITY-data - 2026-02-11T162915.259.csv,1,357,4,353,2,0,1,4422045.0,4665047.0,2026-02-09 19:01:20,2026-02-09 20:00:00,0,0
AVAILABILITY-data - 2026-02-11T162919.781.csv,1,367,4,363,2,0,1,3504370.0,4579892.0,2026-02-09 19:59:40,2026-02-09 21:00:00,0,0
AVAILABILITY-data - 2026-02-11T162924.155.csv,1,367,4,363,2,0,1,3134388.0,3933248.0,2026-02-09 20:59:40,2026-02-09 22:00:00,0,0
AVAILABILITY-data - 2026-02-11T162929.181.csv,1,367,4,363,2,0,1,2210068.0,3157545.0,2026-02-09 21:59:40,2026-02-09 23:00:00,0,0
AVAILABILITY-data - 2026-02-11T162933.912.csv,1,367,4,363,2,0,1,977300.0,2215801.0,2026-02-09 22:59:40,2026-02-10 00:00:00,0,0
AVAILABILITY-data - 2026-02-11T162937.736.csv,1,46,4,42,2,0,1,0.0,978775.0,2026-02-09 23:59:40,2026-02-10 00:06:30,0,0
AVAILABILITY-data - 2026-02-11T163004.759.csv,1,297,4,293,2,0,1,49.0,15536.0,2026-02-10 06:11:20,2026-02-10 07:00:00,0,0
AVAILABILITY-data - 2026-02-11T163008.863.csv,1,367,4,363,2,0,1,13566.0,49158.0,2026-02-10 06:59:40,2026-02-10 08:00:00,0,0
AVAILABILITY-data - 2026-02-11T163100.598.csv,1,348,4,344,2,0,1,172862.0,520419.0,2026-02-10 08:02:50,2026-02-10 09:00:00,0,0
AVAILABILITY-data - 2026-02-11T163105.296.csv,1,367,4,363,2,0,1,518174.0,1562796.0,2026-02-10 08:59:40,2026-02-10 10:00:00,0,0
AVAILABILITY-data - 2026-02-11T163111.476.csv,1,367,4,363,2,0,1,1558975.0,2439347.0,2026-02-10 09:59:40,2026-02-10 11:00:00,0,0
AVAILABILITY-data - 2026-02-11T163115.952.csv,1,367,4,363,2,0,1,2431509.0,3116021.0,2026-02-10 10:59:40,2026-02-10 12:00:00,0,0
AVAILABILITY-data - 2026-02-11T163120.450.csv,1,367,4,363,2,0,1,3106692.0,4164882.0,2026-02-10 11:59:40,2026-02-10 13:00:00,0,0
AVAILABILITY-data - 2026-02-11T163124.929.csv,1,367,4,363,2,0,1,4151902.0,4893055.0,2026-02-10 12:59:40,2026-02-10 14:00:00,0,0
AVAILABILITY-data - 2026-02-11T163129.041.csv,1,367,4,363,2,0,1,4846561.0,5600386.0,2026-02-10 13:59:40,2026-02-10 15:00:00,0,0
AVAILABILITY-data - 2026-02-11T163132.804.csv,1,367,4,363,2,0,1,1633913.0,5767000.0,2026-02-10 14:59:40,2026-02-10 16:00:00,0,0
AVAILABILITY-data - 2026-02-11T163136.996.csv,1,367,4,363,2,0,1,1600223.0,5733977.0,2026-02-10 15:59:40,2026-02-10 17:00:00,0,0
AVAILABILITY-data - 2026-02-11T163140.803.csv,1,367,4,363,2,0,1,5448426.0,5696912.0,2026-02-10 16:59:40,2026-02-10 18:00:00,0,0
AVAILABILITY-data - 2026-02-11T163144.806.csv,1,367,4,363,2,0,1,5242833.0,5559498.0,2026-02-10 17:59:40,2026-02-10 19:00:00,0,0
AVAILABILITY-data - 2026-02-11T163257.167.csv,1,367,4,363,2,0,1,5111953.0,5262011.0,2026-02-10 18:59:40,2026-02-10 20:00:00,0,0
AVAILABILITY-data - 2026-02-11T163301.287.csv,1,367,4,363,2,0,1,4493284.0,5124121.0,2026-02-10 19:59:40,2026-02-10 21:00:00,0,0
AVAILABILITY-data - 2026-02-11T163309.828.csv,1,367,4,363,2,0,1,3658536.0,4513937.0,2026-02-10 20:59:40,2026-02-10 22:00:00,0,0
AVAILABILITY-data - 2026-02-11T163313.663.csv,1,367,4,363,2,0,1,2440734.0,3669536.0,2026-02-10 21:59:40,2026-02-10 23:00:00,0,0
AVAILABILITY-data - 2026-02-11T163317.768.csv,1,367,4,363,2,0,1,1074886.0,2449664.0,2026-02-10 22:59:40,2026-02-11 00:00:00,0,0
AVAILABILITY-data - 2026-02-11T163322.518.csv,1,46,4,42,2,0,1,2763.0,1075800.0,2026-02-10 23:59:40,2026-02-11 00:06:30,0,0
AVAILABILITY-data - 2026-02-11T163352.659.csv,1,297,4,293,2,0,1,82.0,23020.0,2026-02-11 06:11:20,2026-02-11 07:00:00,0,0
AVAILABILITY-data - 2026-02-11T163356.970.csv,1,367,4,363,2,0,1,21047.0,52008.0,2026-02-11 06:59:40,2026-02-11 08:00:00,0,0
AVAILABILITY-data - 2026-02-11T163407.924.csv,1,367,4,363,2,0,1,51867.0,551012.0,2026-02-11 07:59:40,2026-02-11 09:00:00,0,0
AVAILABILITY-data - 2026-02-11T163412.206.csv,1,367,4,363,2,0,1,520282.0,1693792.0,2026-02-11 08:59:40,2026-02-11 10:00:00,0,0
AVAILABILITY-data - 2026-02-11T163416.336.csv,1,367,4,363,2,0,1,1690594.0,2700540.0,2026-02-11 09:59:40,2026-02-11 11:00:00,0,0
AVAILABILITY-data - 2026-02-11T163420.714.csv,1,367,4,363,2,0,1,2693831.0,3419631.0,2026-02-11 10:59:40,2026-02-11 12:00:00,0,0
AVAILABILITY-data - 2026-02-11T163424.575.csv,1,367,4,363,2,0,1,3413209.0,4245466.0,2026-02-11 11:59:40,2026-02-11 13:00:00,0,0
AVAILABILITY-data - 2026-02-11T163429.048.csv,1,367,4,363,2,0,1,4232457.0,5065625.0,2026-02-11 12:59:40,2026-02-11 14:00:00,0,0
AVAILABILITY-data - 2026-02-11T163433.165.csv,1,367,4,363,2,0,1,5049530.0,5710374.0,2026-02-11 13:59:40,2026-02-11 15:00:00,0,0
AVAILABILITY-data.csv,1,297,4,293,2,0,1,37.0,20762.0,2026-02-01 06:11:20,2026-02-01 07:00:00,0,0
